Barcode	Reads	Reads with unique alignment	Reads with unique alignment within shorter distance of 3'-end	Reads with less than `m` multiple alignments	Reads with more than than `m` multiple alignments	Reads with no alignments	UMIFM	Ambig UMIFM (between 2 genes)	Ambig UMIFM (between 3 genes)	Ambig UMIFM (between more than 3 genes)
bcBAHM	14275	191	19	40	2	14023	152	0	0	0
bcBHRD	11277	4772	58	558	5	5884	1639	0	0	0
bcBIVR	11209	416	15	43	0	10735	154	0	0	0
bcBCJE	10723	360	18	70	4	10271	200	0	0	0
bcAYMG	9713	651	5	115	2	8940	256	0	0	0
bcAOPO	9638	3567	30	431	24	5586	1155	0	0	0
bcBTKQ	8870	3796	56	391	16	4611	1093	0	0	0
bcAAAN	8340	4192	20	175	4	3949	860	0	0	0
bcAIUA	8301	3421	45	480	12	4343	1179	0	0	0
bcAOON	7737	166	9	29	0	7533	98	0	0	0
bcBDXO	7190	474	11	92	4	6609	141	0	0	0
bcAPLE	6988	3148	26	254	10	3550	776	0	0	0
bcBNAL	6871	2729	49	397	12	3684	729	0	0	0
bcAQNC	6828	137	3	28	2	6658	80	0	0	0
bcARFX	6817	3000	41	376	4	3396	891	0	0	0
bcBXUQ	6816	3177	54	299	3	3283	1103	0	0	0
bcAJPX	6504	2624	22	250	17	3591	792	0	0	0
bcBXIX	6472	106	10	15	1	6340	74	0	0	0
bcBQXV	6272	2336	22	248	22	3644	824	0	0	0
bcBSVM	6272	2552	40	272	2	3406	844	0	0	0
bcAUXS	6217	2889	16	229	14	3069	773	0	0	0
bcAYNE	5893	2335	19	321	12	3206	764	0	0	0
bcBMBU	5842	3140	30	52	2	2618	751	0	0	0
bcAKXB	5667	2401	32	299	14	2921	755	0	0	0
bcBSDV	5658	2395	30	243	5	2985	649	0	0	0
bcAHZX	5648	2346	26	297	7	2972	684	0	0	0
bcBNRH	5572	2320	32	240	8	2972	739	0	0	0
bcAEUW	5458	2350	16	267	7	2818	796	0	0	0
bcANDX	5215	2210	19	322	12	2652	660	0	0	0
bcAJCT	5042	2241	20	236	1	2544	740	0	0	0
bcACKZ	5040	1952	16	208	7	2857	597	0	0	0
bcBMOE	4990	2249	9	154	1	2577	661	0	0	0
bcBPPO	4703	1896	12	177	6	2612	518	0	0	0
bcBTKS	4651	1741	17	235	3	2655	533	0	0	0
bcBOCT	4626	1738	42	280	8	2558	527	0	0	0
bcBADU	4622	1708	20	159	7	2728	526	0	0	0
bcBKHJ	4555	1805	36	276	25	2413	604	0	0	0
bcAUNM	4503	1911	25	225	7	2335	640	0	0	0
bcBTZQ	4419	1842	18	150	3	2406	538	0	0	0
bcBPNZ	4297	1308	17	143	3	2826	413	0	0	0
bcAPON	4246	1712	11	151	5	2367	470	0	0	0
bcBSGO	4242	1609	13	167	12	2441	489	0	0	0
bcBIFR	4144	1531	16	160	5	2432	525	0	0	0
bcBEHG	4110	1821	13	151	4	2121	566	0	0	0
bcATXC	4100	578	6	27	5	3484	193	0	0	0
bcBYFA	4090	816	8	93	2	3171	276	0	0	0
bcAIDR	4040	1653	10	216	2	2159	498	0	0	0
bcBHIM	4028	1646	21	159	2	2200	512	0	0	0
bcBVJK	3999	1665	11	173	1	2149	496	0	0	0
bcAUCH	3987	1573	10	154	7	2243	586	0	0	0
bcAVVP	3971	1856	12	100	4	1999	603	0	0	0
bcABFI	3969	1582	13	194	6	2174	539	0	0	0
bcAIAO	3960	1621	13	219	2	2105	471	0	0	0
bcBEAK	3944	1415	24	199	3	2303	454	0	0	0
bcBFOD	3934	1684	30	204	5	2011	588	0	0	0
bcAZXM	3882	1596	12	162	5	2107	495	0	0	0
bcBQWS	3875	1998	4	107	3	1763	489	0	0	0
bcAZPF	3867	1546	31	166	1	2123	432	0	0	0
bcBFZJ	3864	1526	14	170	6	2148	462	0	0	0
bcBAFV	3860	1431	19	141	14	2255	425	0	0	0
bcBAKQ	3846	1627	26	188	6	1999	475	0	0	0
bcARDY	3823	1531	19	153	4	2116	420	0	0	0
bcBYVG	3779	896	18	121	2	2742	263	0	0	0
bcAIXJ	3778	1605	18	145	2	2008	523	0	0	0
bcBVWQ	3674	1401	11	181	3	2078	435	0	0	0
bcAOPT	3654	1397	20	136	5	2096	488	0	0	0
bcBEAS	3642	1520	8	155	6	1953	423	0	0	0
bcBHLX	3641	1455	33	113	3	2037	434	0	0	0
bcBXXQ	3622	1246	25	145	3	2203	448	0	0	0
bcBGBA	3609	1420	15	159	5	2010	427	0	0	0
bcBIEZ	3586	1462	3	180	2	1939	437	0	0	0
bcBAJR	3576	1408	21	119	2	2026	439	0	0	0
bcBQPB	3550	1218	10	166	13	2143	433	0	0	0
bcBBWS	3517	1491	12	133	4	1877	422	0	0	0
bcBTIP	3515	1440	14	165	5	1891	454	0	0	0
bcASTR	3514	1369	15	196	4	1930	436	0	0	0
bcAWTZ	3486	1365	10	114	11	1986	454	0	0	0
bcBOSL	3476	1401	9	232	6	1828	494	0	0	0
bcBGXB	3474	874	7	54	0	2539	234	0	0	0
bcBAUD	3468	1641	11	149	2	1665	483	0	0	0
bcBNFK	3462	1428	8	84	5	1937	513	0	0	0
bcARUR	3427	1482	5	168	6	1766	438	0	0	0
bcBIKW	3426	1314	6	156	5	1945	422	0	0	0
bcARSO	3377	1342	6	141	3	1885	430	0	0	0
bcBBPX	3351	1261	27	111	3	1949	397	0	0	0
bcBMND	3350	1364	4	159	4	1819	435	0	0	0
bcAZQQ	3331	1342	9	132	3	1845	414	0	0	0
bcAEDU	3328	1302	20	159	5	1842	452	0	0	0
bcBJMG	3324	1170	8	121	0	2025	326	0	0	0
bcBNFI	3312	491	5	43	2	2771	180	0	0	0
bcAPTY	3300	1282	7	169	2	1840	432	0	0	0
bcBOCO	3284	1448	7	136	1	1692	436	0	0	0
bcBVRA	3276	1235	6	122	4	1909	393	0	0	0
bcBLPS	3265	1256	16	77	8	1908	375	0	0	0
bcAZUA	3260	1187	17	96	1	1959	388	0	0	0
bcATOK	3258	1280	12	148	2	1816	377	0	0	0
bcALOH	3255	1330	26	133	2	1764	439	0	0	0
bcAKOD	3255	1473	9	128	3	1642	468	0	0	0
bcBZAK	3249	1305	15	125	7	1797	377	0	0	0
bcBLSI	3246	1299	7	147	10	1783	407	0	0	0
bcBFZL	3237	734	7	85	11	2400	251	0	0	0
bcAQFF	3234	1251	2	93	3	1885	391	0	0	0
bcAVBA	3224	1020	17	116	3	2068	410	0	0	0
bcBCYN	3203	1287	5	152	3	1756	396	0	0	0
bcALFG	3196	1309	33	169	5	1680	427	0	0	0
bcAFJV	3197	1328	8	131	4	1726	427	0	0	0
bcAMLA	3191	1381	12	113	7	1678	455	0	0	0
bcACVH	3184	1437	19	114	5	1609	448	0	0	0
bcBETA	3181	1114	7	144	2	1914	367	0	0	0
bcBRHN	3163	1203	7	99	1	1853	388	0	0	0
bcBXAB	3162	1634	9	78	0	1441	454	0	0	0
bcBYFU	3152	1202	7	192	8	1743	376	0	0	0
bcBXWP	3133	1178	9	152	2	1792	401	0	0	0
bcBMYW	3114	1174	7	122	5	1806	325	0	0	0
bcAZXH	3105	1081	15	123	4	1882	336	0	0	0
bcAXAM	3105	1328	7	164	4	1602	427	0	0	0
bcBLRU	3099	1256	30	174	0	1639	418	0	0	0
bcAKOB	3086	1053	6	93	5	1929	334	0	0	0
bcBGSQ	3068	1071	14	201	0	1782	384	0	0	0
bcBXQB	3048	1257	12	135	2	1642	422	0	0	0
bcAYRE	3017	1321	6	156	2	1532	406	0	0	0
bcBPMF	3016	1290	12	120	8	1586	353	0	0	0
bcAJWE	3014	1271	17	149	2	1575	400	0	0	0
bcBYWM	3012	1284	11	151	8	1558	414	0	0	0
bcBEAL	3006	1353	19	81	2	1551	348	0	0	0
bcAJWR	3006	1267	4	126	1	1608	398	0	0	0
bcCBYD	2976	1296	19	120	1	1540	438	0	0	0
bcANXX	2954	1227	9	134	3	1581	359	0	0	0
bcAIMT	2949	1193	11	129	4	1612	445	0	0	0
bcBOXX	2945	1219	21	125	1	1579	402	0	0	0
bcAMNV	2932	1291	5	134	2	1500	430	0	0	0
bcBLHD	2925	1234	11	124	2	1554	445	0	0	0
bcBNBM	2918	1140	25	119	4	1630	305	0	0	0
bcBNAM	2903	1099	21	118	3	1662	300	0	0	0
bcAPMQ	2891	1184	15	115	4	1573	314	0	0	0
bcAXBI	2891	1493	6	91	1	1300	414	0	0	0
bcBORL	2884	1333	6	75	4	1466	411	0	0	0
bcADGC	2872	1142	10	168	1	1551	422	0	0	0
bcBVBP	2869	1235	11	141	3	1479	375	0	0	0
bcABWU	2866	1137	6	106	3	1614	324	0	0	0
bcATIK	2843	1220	8	117	6	1492	316	0	0	0
bcCCFW	2840	1131	8	143	6	1552	387	0	0	0
bcABKJ	2840	1155	29	117	0	1539	324	0	0	0
bcBNUR	2833	848	23	69	3	1890	266	0	0	0
bcAPVA	2829	1134	6	129	4	1556	374	0	0	0
bcAIJP	2823	1343	10	166	0	1304	409	0	0	0
bcABLY	2819	1206	13	100	1	1499	393	0	0	0
bcARJZ	2818	1210	17	78	0	1513	322	0	0	0
bcACOW	2814	1360	10	28	3	1413	360	0	0	0
bcBCED	2809	1155	5	97	2	1550	329	0	0	0
bcBRJZ	2808	1186	9	122	2	1489	372	0	0	0
bcBGBU	2781	1020	21	163	4	1573	323	0	0	0
bcBOMC	2774	1089	10	125	2	1548	328	0	0	0
bcADLL	2760	1037	3	105	0	1615	365	0	0	0
bcAJZT	2754	1104	19	128	5	1498	352	0	0	0
bcBOHE	2738	1135	5	99	5	1494	304	0	0	0
bcAKYC	2734	1056	6	109	8	1555	334	0	0	0
bcBETU	2727	1019	41	119	3	1545	304	0	0	0
bcAPBA	2725	1106	40	70	4	1505	378	0	0	0
bcAVKS	2724	1067	11	143	4	1499	345	0	0	0
bcAIPZ	2723	1074	10	148	1	1490	391	0	0	0
bcBVYS	2685	1225	13	132	0	1315	396	0	0	0
bcBTVO	2679	1070	3	53	2	1551	305	0	0	0
bcBRFY	2654	703	6	75	2	1868	205	0	0	0
bcBYIC	2648	1220	18	98	1	1311	343	0	0	0
bcBNCB	2648	993	8	64	3	1580	253	0	0	0
bcBJJM	2637	1184	7	76	2	1368	326	0	0	0
bcAAAW	2633	1133	4	92	6	1398	311	0	0	0
bcBMZK	2628	1121	9	107	4	1387	315	0	0	0
bcBXOS	2621	1078	5	103	4	1431	346	0	0	0
bcCBSM	2606	1071	20	102	3	1410	371	0	0	0
bcBXLO	2602	1067	10	91	4	1430	381	0	0	0
bcBYAE	2593	1191	17	121	1	1263	338	0	0	0
bcALHX	2589	1119	5	96	3	1366	416	0	0	0
bcAVRK	2589	1206	8	73	1	1301	339	0	0	0
bcBACW	2584	902	5	109	0	1568	257	0	0	0
bcBJEQ	2577	852	8	149	4	1564	298	0	0	0
bcABJY	2565	1010	4	89	3	1459	312	0	0	0
bcAULZ	2563	1026	4	133	1	1399	293	0	0	0
bcBNPW	2545	987	11	73	4	1470	299	0	0	0
bcAPNK	2544	973	13	118	3	1437	302	0	0	0
bcBKZF	2535	1017	9	159	1	1349	276	0	0	0
bcATIP	2523	1000	7	84	3	1429	275	0	0	0
bcABXL	2517	1023	11	119	6	1358	280	0	0	0
bcCBXU	2515	1174	11	127	2	1201	392	0	0	0
bcBCEB	2503	1180	10	152	4	1157	311	0	0	0
bcBJZM	2502	1174	16	71	3	1238	297	0	0	0
bcBWOK	2502	872	6	84	11	1529	302	0	0	0
bcBUPE	2501	1066	1	90	6	1338	317	0	0	0
bcAKMZ	2485	1197	13	106	3	1166	362	0	0	0
bcBULZ	2484	995	13	92	3	1381	324	0	0	0
bcACEX	2484	1071	13	100	0	1300	294	0	0	0
bcBRBO	2483	579	4	59	5	1836	193	0	0	0
bcBKCX	2480	977	6	137	3	1357	308	0	0	0
bcBJSM	2479	967	22	84	4	1402	347	0	0	0
bcAAAH	2479	1050	13	117	2	1297	278	0	0	0
bcAPOF	2477	1029	23	93	5	1327	285	0	0	0
bcBXEL	2475	1058	11	113	0	1293	359	0	0	0
bcAAOT	2472	1079	4	109	3	1277	309	0	0	0
bcBUFX	2472	1063	7	137	3	1262	336	0	0	0
bcAKYD	2470	1198	6	42	1	1223	280	0	0	0
bcAGHE	2464	700	7	83	0	1674	217	0	0	0
bcASOK	2458	430	2	49	2	1975	123	0	0	0
bcAVHQ	2445	923	8	129	6	1379	343	0	0	0
bcBPRI	2442	1006	8	74	3	1351	288	0	0	0
bcBTUJ	2442	962	19	122	2	1337	280	0	0	0
bcAECC	2441	866	12	120	7	1436	276	0	0	0
bcBHPX	2428	1037	9	101	2	1279	316	0	0	0
bcAFLR	2425	928	10	136	0	1351	283	0	0	0
bcBNCU	2415	941	9	94	3	1368	266	0	0	0
bcBXIT	2414	989	11	93	1	1320	315	0	0	0
bcAAGM	2410	971	17	126	1	1295	305	0	0	0
bcAGAR	2408	984	13	71	0	1340	343	0	0	0
bcBHJR	2407	1041	7	124	5	1230	312	0	0	0
bcAEFJ	2404	794	7	144	9	1450	237	0	0	0
bcAHUY	2401	1063	1	97	3	1237	340	0	0	0
bcBYGH	2394	796	27	106	1	1464	272	0	0	0
bcBQMO	2393	970	11	125	1	1286	300	0	0	0
bcBIDF	2394	979	14	115	2	1284	305	0	0	0
bcAYPR	2390	859	14	117	5	1395	239	0	0	0
bcAZRW	2387	890	10	141	6	1340	281	0	0	0
bcBPNJ	2386	873	6	88	3	1416	229	0	0	0
bcAPMR	2369	929	17	99	9	1315	288	0	0	0
bcAPKN	2368	868	14	111	3	1372	250	0	0	0
bcATIL	2342	848	6	104	5	1379	261	0	0	0
bcBICQ	2339	922	5	88	2	1322	276	0	0	0
bcATOS	2330	973	9	69	2	1277	263	0	0	0
bcAVET	2329	1125	3	83	3	1115	311	0	0	0
bcAUSW	2328	1044	8	79	1	1196	272	0	0	0
bcAABP	2325	945	1	82	26	1271	236	0	0	0
bcBZNY	2319	980	7	71	2	1259	298	0	0	0
bcBYYL	2317	859	18	136	0	1304	279	0	0	0
bcCAEP	2316	958	7	130	1	1220	304	0	0	0
bcAJZJ	2314	1226	6	143	0	939	349	0	0	0
bcAPOJ	2313	821	26	134	3	1329	256	0	0	0
bcBJBC	2313	912	5	99	0	1297	284	0	0	0
bcAAHD	2306	963	12	125	0	1206	252	0	0	0
bcBJLA	2304	840	3	79	7	1375	261	0	0	0
bcBPNX	2300	859	4	85	7	1345	248	0	0	0
bcARQI	2297	941	34	61	3	1258	256	0	0	0
bcAFOU	2291	873	8	143	2	1265	262	0	0	0
bcASTE	2287	792	9	194	4	1288	241	0	0	0
bcBQUB	2286	933	3	106	3	1241	284	0	0	0
bcASNQ	2270	926	17	94	1	1232	278	0	0	0
bcBNDQ	2267	805	12	100	8	1342	233	0	0	0
bcBYEZ	2265	952	3	91	6	1213	263	0	0	0
bcBSFU	2262	749	7	69	2	1435	258	0	0	0
bcAHLP	2258	921	5	114	4	1214	295	0	0	0
bcACJP	2255	965	6	87	1	1196	272	0	0	0
bcBAAJ	2254	791	4	118	5	1336	218	0	0	0
bcBYBM	2254	825	20	87	1	1321	253	0	0	0
bcAPOK	2253	962	6	94	2	1189	261	0	0	0
bcABKT	2250	1025	10	97	0	1118	313	0	0	0
bcBJUS	2250	1005	3	67	5	1170	272	0	0	0
bcAAYP	2248	899	6	170	1	1172	285	0	0	0
bcBFIK	2247	833	2	99	1	1312	335	0	0	0
bcAJHE	2245	825	4	104	3	1309	315	0	0	0
bcAJKR	2240	884	11	163	0	1182	270	0	0	0
bcBNCM	2240	822	6	109	0	1303	242	0	0	0
bcADGA	2238	966	8	93	0	1171	320	0	0	0
bcBHJA	2232	933	7	82	2	1208	316	0	0	0
bcCBPN	2230	904	8	89	0	1229	269	0	0	0
bcBAJS	2229	805	5	94	0	1325	259	0	0	0
bcADMJ	2228	916	1	88	3	1220	266	0	0	0
bcBDYI	2226	957	13	89	3	1164	255	0	0	0
bcBBYD	2217	933	6	138	3	1137	278	0	0	0
bcAMSD	2216	992	14	114	0	1096	291	0	0	0
bcBUIK	2215	1006	5	59	4	1141	241	0	0	0
bcAADF	2212	967	5	108	0	1132	251	0	0	0
bcBAEC	2210	783	4	132	5	1286	242	0	0	0
bcARXS	2208	620	6	80	3	1499	242	0	0	0
bcBUMO	2204	994	4	69	4	1133	242	0	0	0
bcAVRZ	2200	953	8	82	4	1153	334	0	0	0
bcAQRJ	2198	861	6	126	2	1203	275	0	0	0
bcAAFL	2197	732	3	60	2	1400	207	0	0	0
bcARPZ	2195	805	12	131	4	1243	249	0	0	0
bcBGEM	2192	865	4	133	0	1190	263	0	0	0
bcAZTY	2191	907	6	108	4	1166	265	0	0	0
bcAPMH	2190	856	7	123	3	1201	249	0	0	0
bcAPPN	2189	922	23	110	6	1128	268	0	0	0
bcATKE	2186	844	12	124	5	1201	242	0	0	0
bcBEBW	2185	818	28	123	8	1208	238	0	0	0
bcBSHT	2178	896	7	106	4	1165	232	0	0	0
bcBIWD	2169	871	9	100	2	1187	284	0	0	0
bcAVBD	2168	918	6	112	3	1129	318	0	0	0
bcBYWU	2169	814	15	105	1	1234	267	0	0	0
bcBZBC	2167	917	4	89	3	1154	277	0	0	0
bcBLEK	2159	837	6	72	3	1241	267	0	0	0
bcBQQN	2159	857	10	88	1	1203	259	0	0	0
bcAFMT	2156	888	7	89	0	1172	249	0	0	0
bcAMMI	2155	1015	20	90	3	1027	291	0	0	0
bcBSEA	2153	843	9	116	1	1184	250	0	0	0
bcBCUR	2149	780	6	112	1	1250	233	0	0	0
bcBYVU	2145	836	21	140	1	1147	304	0	0	0
bcBMUU	2143	806	11	134	3	1189	264	0	0	0
bcASOF	2142	894	35	112	4	1097	252	0	0	0
bcBNEK	2136	911	8	78	1	1138	221	0	0	0
bcBVZX	2132	934	3	60	2	1133	242	0	0	0
bcAECG	2132	919	10	146	0	1057	268	0	0	0
bcBADS	2129	853	18	66	4	1188	243	0	0	0
bcBQBW	2128	814	12	97	2	1203	303	0	0	0
bcBAGQ	2127	846	13	72	4	1192	239	0	0	0
bcAPPG	2125	878	4	107	7	1129	250	0	0	0
bcAKRQ	2123	768	7	26	1	1321	271	0	0	0
bcAORP	2116	966	2	98	5	1045	269	0	0	0
bcBUBC	2115	861	4	68	4	1178	272	0	0	0
bcAITW	2110	757	12	82	3	1256	262	0	0	0
bcARHD	2109	786	28	79	3	1213	228	0	0	0
bcANHY	2106	794	9	89	3	1211	243	0	0	0
bcBHOU	2107	887	3	74	1	1142	306	0	0	0
bcBYPE	2104	851	10	87	1	1155	280	0	0	0
bcAOSV	2103	841	4	49	2	1207	228	0	0	0
bcBMZT	2103	761	5	80	6	1251	206	0	0	0
bcBIGJ	2102	854	8	151	0	1089	277	0	0	0
bcARHV	2102	860	1	97	1	1143	238	0	0	0
bcADKT	2101	883	3	95	6	1114	275	0	0	0
bcAEEI	2097	889	10	46	2	1150	258	0	0	0
bcBMVP	2096	792	3	96	2	1203	264	0	0	0
bcABTI	2096	796	6	80	2	1212	212	0	0	0
bcAHSA	2096	815	4	84	2	1191	261	0	0	0
bcBVJW	2094	844	3	116	17	1114	255	0	0	0
bcAURA	2093	808	8	109	4	1164	245	0	0	0
bcBFSW	2090	991	7	135	1	956	364	0	0	0
bcBPQV	2089	670	1	55	2	1361	205	0	0	0
bcBPMS	2088	834	4	103	1	1146	241	0	0	0
bcBQJX	2088	861	18	77	2	1130	273	0	0	0
bcAQVR	2086	864	6	69	2	1145	253	0	0	0
bcAVOW	2084	835	4	90	4	1151	285	0	0	0
bcAIFC	2080	665	7	95	2	1311	218	0	0	0
bcACNU	2076	882	2	122	7	1063	244	0	0	0
bcBKDA	2072	835	8	158	3	1068	248	0	0	0
bcBYWV	2071	912	9	120	5	1025	254	0	0	0
bcBHSJ	2070	805	14	101	1	1149	254	0	0	0
bcAXJU	2063	912	4	124	3	1020	291	0	0	0
bcBQWE	2062	763	5	108	11	1175	224	0	0	0
bcBJYJ	2060	762	4	126	4	1164	241	0	0	0
bcALXR	2059	703	20	92	0	1244	272	0	0	0
bcAKYQ	2059	910	10	126	2	1011	289	0	0	0
bcAMKN	2059	848	36	87	9	1079	260	0	0	0
bcBJIN	2055	766	19	104	1	1165	231	0	0	0
bcACTO	2052	841	3	126	2	1080	313	0	0	0
bcBWJJ	2048	766	6	136	3	1137	283	0	0	0
bcAHCL	2047	921	2	100	0	1024	241	0	0	0
bcABTJ	2041	747	22	70	5	1197	242	0	0	0
bcACJZ	2040	865	7	84	4	1080	254	0	0	0
bcBNVD	2039	784	4	88	1	1162	220	0	0	0
bcAPSM	2035	857	5	155	2	1016	279	0	0	0
bcAICZ	2034	890	9	142	3	990	265	0	0	0
bcBPKK	2034	893	10	78	2	1051	261	0	0	0
bcAOMY	2033	575	6	60	1	1391	205	0	0	0
bcAAHA	2032	763	10	122	1	1136	214	0	0	0
bcAZOR	2029	794	8	89	2	1136	225	0	0	0
bcBMTQ	2025	851	6	72	3	1093	272	0	0	0
bcAYXE	2023	869	32	95	0	1027	259	0	0	0
bcBTTE	2023	803	9	109	0	1102	234	0	0	0
bcBCMG	2018	831	8	94	0	1085	275	0	0	0
bcAFRC	2013	820	3	96	3	1091	239	0	0	0
bcBMQK	2010	890	6	60	4	1050	248	0	0	0
bcBVLF	2007	919	7	74	1	1006	248	0	0	0
bcBLDL	2006	812	3	94	6	1091	229	0	0	0
bcAAWS	2005	672	14	105	5	1209	237	0	0	0
bcARUQ	2002	832	4	65	2	1099	227	0	0	0
bcBCTW	2000	51	1	11	0	1937	31	0	0	0
bcAZRR	1989	883	5	45	2	1054	243	0	0	0
bcBYEN	1988	747	4	63	1	1173	210	0	0	0
bcBXEG	1988	837	12	119	4	1016	266	0	0	0
bcBYQR	1987	898	15	103	2	969	247	0	0	0
bcBMQQ	1986	851	6	85	2	1042	248	0	0	0
bcAOAU	1982	844	3	61	4	1070	242	0	0	0
bcAAAS	1983	815	10	99	2	1057	225	0	0	0
bcAAAQ	1976	745	2	93	5	1131	234	0	0	0
bcAXFM	1975	804	6	99	0	1066	250	0	0	0
bcBSTN	1975	768	19	77	3	1108	225	0	0	0
bcANGC	1973	764	12	88	2	1107	228	0	0	0
bcAAAK	1970	775	4	110	2	1079	245	0	0	0
bcBTFJ	1968	870	4	67	2	1025	243	0	0	0
bcCAPQ	1967	876	7	59	2	1023	279	0	0	0
bcBMWB	1966	823	2	51	4	1086	259	0	0	0
bcAGKL	1966	700	11	99	2	1154	235	0	0	0
bcAWQC	1962	872	19	85	2	984	238	0	0	0
bcBNZV	1957	714	17	89	4	1133	210	0	0	0
bcAPJF	1952	866	25	78	2	981	259	0	0	0
bcBEJI	1952	842	16	108	2	984	280	0	0	0
bcBAIK	1952	853	6	78	6	1009	221	0	0	0
bcAAWU	1951	675	6	78	3	1189	243	0	0	0
bcAFXU	1950	856	9	79	5	1001	315	0	0	0
bcBSSL	1947	662	25	96	2	1162	234	0	0	0
bcBCHC	1946	818	13	106	1	1008	234	0	0	0
bcAGKE	1946	935	3	110	1	897	295	0	0	0
bcCAAS	1946	708	28	143	3	1064	221	0	0	0
bcAXVH	1943	798	3	89	4	1049	231	0	0	0
bcAIDZ	1942	841	2	93	5	1001	244	0	0	0
bcAJNA	1941	677	29	119	5	1111	234	0	0	0
bcBZKY	1941	782	6	110	3	1040	253	0	0	0
bcBSEX	1939	693	5	115	5	1121	191	0	0	0
bcBIPI	1933	848	1	83	0	1001	249	0	0	0
bcBOZE	1932	704	3	91	1	1133	234	0	0	0
bcBYGG	1929	823	3	81	0	1022	215	0	0	0
bcBRBV	1928	789	6	74	3	1056	253	0	0	0
bcAZIE	1927	846	7	88	1	985	272	0	0	0
bcBDWH	1925	792	11	91	5	1026	242	0	0	0
bcAOOP	1924	895	8	39	2	980	278	0	0	0
bcAVGH	1924	554	12	64	2	1292	199	0	0	0
bcBMHV	1923	703	15	122	1	1082	273	0	0	0
bcBJHC	1922	750	6	86	0	1080	234	0	0	0
bcBYXQ	1921	991	15	67	2	846	259	0	0	0
bcBEDJ	1919	762	3	82	4	1068	264	0	0	0
bcAGKM	1919	723	21	93	23	1059	218	0	0	0
bcAHTU	1918	668	4	91	2	1153	258	0	0	0
bcAJSW	1917	710	4	108	1	1094	252	0	0	0
bcAUGV	1917	765	4	108	3	1037	230	0	0	0
bcAFII	1917	673	2	76	2	1164	238	0	0	0
bcAHJA	1917	743	3	70	0	1101	248	0	0	0
bcATMT	1916	744	11	96	1	1064	226	0	0	0
bcBIZN	1913	731	14	81	3	1084	212	0	0	0
bcACNS	1913	790	8	99	3	1013	236	0	0	0
bcBTRA	1914	839	5	99	2	969	253	0	0	0
bcBLEW	1912	731	3	75	1	1102	225	0	0	0
bcARVQ	1910	721	8	135	1	1045	236	0	0	0
bcARPC	1909	742	3	69	3	1092	208	0	0	0
bcAIUJ	1909	728	4	84	3	1090	250	0	0	0
bcAHPI	1908	833	6	83	3	983	234	0	0	0
bcBMQW	1907	833	3	90	4	977	225	0	0	0
bcBTND	1904	725	5	64	0	1110	231	0	0	0
bcARQO	1903	806	11	100	0	986	245	0	0	0
bcAPKJ	1901	757	1	73	2	1068	229	0	0	0
bcBVAL	1901	874	1	78	5	943	258	0	0	0
bcAZNZ	1900	738	23	58	3	1078	248	0	0	0
bcBWYP	1899	886	7	67	1	938	264	0	0	0
bcBMUE	1899	804	8	51	3	1033	238	0	0	0
bcBPRM	1897	771	3	68	5	1050	209	0	0	0
bcBEAA	1896	726	9	108	2	1051	231	0	0	0
bcAXRZ	1896	676	9	69	6	1136	228	0	0	0
bcARWI	1894	774	5	78	2	1035	241	0	0	0
bcCASJ	1894	749	13	72	2	1058	252	0	0	0
bcAFLP	1893	754	11	75	4	1049	242	0	0	0
bcARTL	1890	671	7	68	4	1140	234	0	0	0
bcBEBV	1889	769	9	71	1	1039	228	0	0	0
bcATMO	1888	747	26	91	2	1022	228	0	0	0
bcAZMZ	1887	846	3	79	1	958	219	0	0	0
bcBSHB	1885	862	5	70	0	948	209	0	0	0
bcACKC	1884	742	44	93	4	1001	235	0	0	0
bcBCYD	1884	701	2	105	3	1073	232	0	0	0
bcAZOT	1882	796	2	92	1	991	218	0	0	0
bcBPYT	1881	775	7	134	0	965	243	0	0	0
bcAUEX	1881	734	12	71	3	1061	234	0	0	0
bcAFXN	1878	774	27	119	3	955	220	0	0	0
bcAZVE	1877	808	9	72	1	987	261	0	0	0
bcAPCR	1877	771	18	74	1	1013	242	0	0	0
bcAFDG	1873	809	4	67	1	992	256	0	0	0
bcAJOG	1872	796	5	86	4	981	228	0	0	0
bcBAXK	1871	715	3	95	2	1056	234	0	0	0
bcBNFQ	1869	581	3	63	1	1221	230	0	0	0
bcAYIE	1869	824	3	52	2	988	252	0	0	0
bcBMKG	1868	633	2	148	2	1083	240	0	0	0
bcBUDS	1868	711	14	132	6	1005	203	0	0	0
bcAZOC	1868	766	2	101	1	998	230	0	0	0
bcBMWL	1866	861	16	83	3	903	256	0	0	0
bcAWOZ	1866	755	12	77	0	1022	224	0	0	0
bcBQRE	1865	740	5	84	2	1034	221	0	0	0
bcBIHU	1864	758	5	91	7	1003	240	0	0	0
bcACPA	1861	723	12	77	3	1046	222	0	0	0
bcADNP	1860	739	17	61	1	1042	239	0	0	0
bcBMZS	1859	799	15	49	2	994	219	0	0	0
bcBESP	1859	818	6	79	3	953	229	0	0	0
bcBIKT	1857	630	4	103	2	1118	215	0	0	0
bcBPBO	1853	748	6	74	0	1025	231	0	0	0
bcBGPJ	1853	790	8	83	9	963	267	0	0	0
bcBMJL	1853	890	11	86	1	865	282	0	0	0
bcBJGW	1852	694	17	90	4	1047	222	0	0	0
bcAAFI	1851	759	30	105	2	955	187	0	0	0
bcBNGK	1850	769	5	66	0	1010	251	0	0	0
bcBFGT	1848	656	4	79	0	1109	238	0	0	0
bcBVXI	1847	729	19	91	4	1004	247	0	0	0
bcBSTD	1846	507	3	58	2	1276	184	0	0	0
bcCBMC	1846	737	5	68	2	1034	221	0	0	0
bcARJR	1844	830	6	68	2	938	218	0	0	0
bcAKIJ	1843	785	4	55	0	999	225	0	0	0
bcAWCY	1843	672	9	43	1	1118	209	0	0	0
bcAZPP	1841	801	4	71	4	961	198	0	0	0
bcBNNZ	1839	729	3	86	4	1017	205	0	0	0
bcBMYL	1837	631	25	63	7	1111	185	0	0	0
bcASXP	1835	785	3	47	2	998	258	0	0	0
bcBBSI	1834	744	2	69	0	1019	250	0	0	0
bcCAHG	1834	800	2	63	5	964	251	0	0	0
bcBDBI	1834	777	8	59	1	989	219	0	0	0
bcBCCS	1833	792	42	106	3	890	238	0	0	0
bcAOPU	1831	607	2	91	7	1124	217	0	0	0
bcADWO	1830	753	4	95	1	977	269	0	0	0
bcALNZ	1828	770	2	74	3	979	255	0	0	0
bcBSSN	1828	712	8	55	2	1051	219	0	0	0
bcBNUT	1827	722	2	128	2	973	247	0	0	0
bcAPRI	1827	709	3	65	3	1047	207	0	0	0
bcBJCL	1826	718	5	34	2	1067	224	0	0	0
bcABVE	1825	751	6	75	4	989	208	0	0	0
bcBSIS	1824	886	4	66	0	868	270	0	0	0
bcBAIU	1822	708	5	73	3	1033	201	0	0	0
bcAJPS	1822	781	7	68	4	962	226	0	0	0
bcACDM	1817	793	5	86	3	930	219	0	0	0
bcBNUJ	1815	639	11	71	23	1071	225	0	0	0
bcAOZV	1814	693	17	85	2	1017	216	0	0	0
bcBUES	1814	760	10	72	0	972	246	0	0	0
bcAFLS	1811	678	11	67	1	1054	203	0	0	0
bcAZAC	1811	788	17	97	3	906	241	0	0	0
bcAIVV	1811	704	10	70	2	1025	208	0	0	0
bcAKGD	1809	607	2	81	3	1116	208	0	0	0
bcAGMH	1807	826	3	80	5	893	245	0	0	0
bcBGVX	1806	799	12	97	0	898	237	0	0	0
bcAMKT	1806	649	40	101	0	1016	224	0	0	0
bcBIRI	1806	666	3	73	4	1060	211	0	0	0
bcBIIR	1805	748	5	123	1	928	239	0	0	0
bcAXUO	1805	711	8	88	4	994	229	0	0	0
bcBHKD	1803	701	4	83	2	1013	217	0	0	0
bcAXCQ	1802	832	3	78	0	889	249	0	0	0
bcAZFI	1803	704	6	82	2	1009	235	0	0	0
bcBDPE	1802	749	6	58	7	982	243	0	0	0
bcAPOV	1802	702	6	45	2	1047	181	0	0	0
bcARDN	1801	705	9	74	0	1013	217	0	0	0
bcAIHQ	1797	759	5	75	1	957	239	0	0	0
bcAIOW	1797	737	3	103	4	950	253	0	0	0
bcASKF	1795	781	3	99	0	912	234	0	0	0
bcBTQD	1793	707	5	112	2	967	241	0	0	0
bcBZOK	1792	657	2	67	3	1063	184	0	0	0
bcANCK	1792	699	7	32	2	1052	178	0	0	0
bcBFVT	1791	672	8	87	1	1023	208	0	0	0
bcBRJM	1791	687	5	81	2	1016	204	0	0	0
bcAQZI	1788	732	10	60	2	984	253	0	0	0
bcBEXN	1786	556	8	89	1	1132	204	0	0	0
bcBGEF	1786	668	8	96	1	1013	205	0	0	0
bcBOLH	1785	776	15	65	1	928	247	0	0	0
bcBDAI	1785	547	3	58	0	1177	154	0	0	0
bcCCLK	1785	614	7	105	0	1059	235	0	0	0
bcBZHT	1782	649	3	64	1	1065	218	0	0	0
bcBFQR	1781	787	5	66	0	923	243	0	0	0
bcBQHM	1780	696	5	68	2	1009	212	0	0	0
bcBNOJ	1780	677	29	103	0	971	210	0	0	0
bcACKH	1778	636	8	122	6	1006	216	0	0	0
bcAOTI	1776	688	32	82	0	974	211	0	0	0
bcAAGH	1776	645	8	85	2	1036	204	0	0	0
bcBBXS	1775	762	6	70	2	935	226	0	0	0
bcAXNJ	1774	769	8	107	1	889	256	0	0	0
bcACFE	1773	743	6	87	3	934	243	0	0	0
bcAPNV	1772	809	4	73	6	880	235	0	0	0
bcABNI	1770	743	2	64	3	958	218	0	0	0
bcCCNM	1767	694	7	68	1	997	211	0	0	0
bcBCAH	1767	707	7	98	3	952	211	0	0	0
bcAIET	1766	731	5	83	4	943	200	0	0	0
bcBMIA	1764	678	3	77	1	1005	219	0	0	0
bcBSLB	1762	771	4	79	2	906	216	0	0	0
bcBCUV	1758	684	4	105	4	961	222	0	0	0
bcBPDQ	1758	576	17	97	1	1067	187	0	0	0
bcCAFU	1757	698	8	57	0	994	205	0	0	0
bcAISY	1755	694	7	96	1	957	224	0	0	0
bcAKXC	1753	768	14	61	6	904	212	0	0	0
bcANGF	1754	884	7	47	3	813	210	0	0	0
bcBAWN	1750	600	4	84	1	1061	199	0	0	0
bcBYYM	1749	731	5	64	2	947	236	0	0	0
bcBXNE	1749	798	27	92	1	831	272	0	0	0
bcCCJK	1748	703	10	80	4	951	189	0	0	0
bcADNC	1748	806	2	90	4	846	228	0	0	0
bcBYST	1748	746	4	87	3	908	206	0	0	0
bcBQIP	1746	605	9	63	2	1067	232	0	0	0
bcAZQG	1745	606	9	78	1	1051	186	0	0	0
bcBRUF	1745	724	5	103	1	912	218	0	0	0
bcBHSM	1744	725	7	68	2	942	238	0	0	0
bcBPLY	1742	683	7	51	0	1001	202	0	0	0
bcAGAN	1742	683	9	83	2	965	233	0	0	0
bcAGZM	1742	712	1	85	1	943	225	0	0	0
bcBKCZ	1740	582	3	47	0	1108	189	0	0	0
bcAUNJ	1739	649	5	130	4	951	192	0	0	0
bcAZCX	1739	670	5	103	3	958	222	0	0	0
bcBTYL	1738	750	1	95	2	890	218	0	0	0
bcBCII	1738	697	3	88	0	950	225	0	0	0
bcBTDB	1736	625	5	72	7	1027	219	0	0	0
bcADXB	1736	730	5	56	1	944	242	0	0	0
bcBMKB	1735	599	2	87	4	1043	217	0	0	0
bcBFPJ	1734	795	18	67	1	853	258	0	0	0
bcBIRX	1733	706	7	97	1	922	221	0	0	0
bcAZOW	1731	621	1	87	3	1019	201	0	0	0
bcAPJE	1730	589	9	37	0	1095	170	0	0	0
bcBUVC	1728	640	4	51	0	1033	185	0	0	0
bcAHDC	1728	644	3	57	1	1023	224	0	0	0
bcBICS	1727	644	25	107	0	951	212	0	0	0
bcAIZH	1724	499	0	79	1	1145	195	0	0	0
bcAZPD	1722	761	17	60	1	883	206	0	0	0
bcBIHH	1722	666	4	85	3	964	225	0	0	0
bcBDRK	1722	727	2	53	4	936	212	0	0	0
bcBYFG	1722	712	13	47	4	946	201	0	0	0
bcBJVY	1719	668	1	67	3	980	184	0	0	0
bcASJL	1718	656	3	71	3	985	209	0	0	0
bcBTTU	1718	616	6	85	0	1011	205	0	0	0
bcAXLN	1717	624	4	58	1	1030	228	0	0	0
bcAZSQ	1717	762	2	71	4	878	242	0	0	0
bcABMD	1715	714	5	55	2	939	223	0	0	0
bcBVGN	1711	658	7	74	3	969	173	0	0	0
bcARBI	1710	679	2	56	0	973	191	0	0	0
bcBFXS	1708	763	9	61	0	875	209	0	0	0
bcARST	1706	602	3	80	1	1020	214	0	0	0
bcBSLR	1706	711	3	46	4	942	221	0	0	0
bcALSJ	1706	641	1	71	1	992	247	0	0	0
bcBSLA	1706	768	3	87	1	847	257	0	0	0
bcBIHS	1706	736	10	53	1	906	204	0	0	0
bcBTLI	1705	745	12	61	4	883	222	0	0	0
bcARRJ	1705	709	12	42	3	939	231	0	0	0
bcAYMQ	1702	632	6	94	2	968	171	0	0	0
bcBODH	1702	749	4	60	5	884	203	0	0	0
bcBJTU	1702	672	7	50	1	972	244	0	0	0
bcARCJ	1702	804	5	61	2	830	212	0	0	0
bcBQGR	1698	711	4	83	5	895	224	0	0	0
bcBUSW	1698	680	3	75	3	937	195	0	0	0
bcAHPM	1695	659	18	54	2	962	225	0	0	0
bcBHIY	1694	693	4	80	6	911	203	0	0	0
bcASUW	1693	576	3	31	0	1083	199	0	0	0
bcBPNO	1693	631	6	76	5	975	196	0	0	0
bcBSPM	1692	590	38	98	2	964	220	0	0	0
bcBHGE	1692	773	12	120	3	784	240	0	0	0
bcBTHY	1692	566	5	85	7	1029	209	0	0	0
bcAQIT	1691	613	4	71	1	1002	190	0	0	0
bcAVEY	1690	688	4	52	1	945	220	0	0	0
bcAZPE	1682	676	3	117	1	885	218	0	0	0
bcBVKZ	1681	743	5	52	2	879	204	0	0	0
bcBOMT	1681	598	8	66	2	1007	188	0	0	0
bcCCHF	1680	673	15	60	4	928	197	0	0	0
bcCACE	1679	626	6	99	1	947	210	0	0	0
bcAEOM	1677	583	5	69	4	1016	216	0	0	0
bcARCO	1677	567	8	64	3	1035	164	0	0	0
bcASLG	1676	690	4	89	6	887	221	0	0	0
bcAXMQ	1676	734	3	91	1	847	227	0	0	0
bcAJYV	1675	635	4	109	6	921	205	0	0	0
bcAFOW	1674	603	8	74	3	986	195	0	0	0
bcBRMH	1673	801	7	79	0	786	273	0	0	0
bcAOBA	1672	727	3	31	1	910	213	0	0	0
bcAPEG	1672	672	9	66	3	922	226	0	0	0
bcAFGX	1671	585	4	73	3	1006	189	0	0	0
bcAVIF	1671	581	11	48	1	1030	180	0	0	0
bcCBTJ	1670	706	2	100	0	862	227	0	0	0
bcATNQ	1669	593	5	113	6	952	199	0	0	0
bcBQSF	1667	609	2	44	3	1009	156	0	0	0
bcAACR	1666	692	2	60	1	911	185	0	0	0
bcBFWY	1665	637	3	82	1	942	182	0	0	0
bcAAKC	1665	840	5	67	0	753	204	0	0	0
bcADML	1664	638	19	46	2	959	184	0	0	0
bcBWRX	1660	571	17	129	3	940	198	0	0	0
bcAMPD	1659	635	5	88	2	929	243	0	0	0
bcBCRH	1659	668	2	88	3	898	229	0	0	0
bcBVVD	1658	689	23	45	1	900	253	0	0	0
bcAFNE	1657	631	6	67	1	952	201	0	0	0
bcBUAB	1657	627	14	68	0	948	197	0	0	0
bcBINN	1657	515	13	48	2	1079	187	0	0	0
bcBRRD	1657	616	4	77	1	959	231	0	0	0
bcBTCN	1655	625	1	68	1	960	187	0	0	0
bcBQBJ	1655	734	4	91	0	826	257	0	0	0
bcBGJR	1655	766	9	57	0	823	223	0	0	0
bcBGSJ	1654	620	1	99	1	933	214	0	0	0
bcBNOY	1653	610	2	98	0	943	197	0	0	0
bcBUOJ	1652	654	3	58	7	930	172	0	0	0
bcAVLO	1650	613	23	94	0	920	230	0	0	0
bcBMAJ	1650	681	9	97	1	862	251	0	0	0
bcBKZM	1650	636	4	39	2	969	205	0	0	0
bcBVUA	1650	598	31	95	1	925	206	0	0	0
bcBNJC	1648	780	5	51	0	812	250	0	0	0
bcAYFH	1646	762	4	70	4	806	231	0	0	0
bcBBVS	1645	628	2	145	1	869	222	0	0	0
bcBGJI	1645	654	18	79	1	893	214	0	0	0
bcCCHT	1643	586	8	90	2	957	235	0	0	0
bcBHSU	1642	672	16	107	1	846	212	0	0	0
bcAZUK	1642	679	13	68	5	877	238	0	0	0
bcAFGG	1641	663	14	51	0	913	221	0	0	0
bcAUCS	1641	632	32	62	0	915	241	0	0	0
bcCAGR	1641	735	30	67	0	809	229	0	0	0
bcAYEV	1640	583	4	82	1	970	166	0	0	0
bcADIZ	1638	575	15	77	0	971	199	0	0	0
bcAMTP	1638	647	4	46	0	941	213	0	0	0
bcAGIS	1636	645	6	71	2	912	217	0	0	0
bcCCLJ	1636	641	4	76	2	913	207	0	0	0
bcBYXF	1635	603	14	72	2	944	173	0	0	0
bcBCTN	1635	568	3	55	2	1007	190	0	0	0
bcBABE	1634	770	8	48	0	808	205	0	0	0
bcBYXC	1633	630	8	107	0	888	197	0	0	0
bcACNA	1633	632	2	74	0	925	190	0	0	0
bcAXTX	1633	741	0	50	0	842	193	0	0	0
bcBQGX	1633	590	2	72	1	968	167	0	0	0
bcBGCZ	1633	598	10	88	2	935	181	0	0	0
bcCCGN	1633	594	4	66	2	967	201	0	0	0
bcAORN	1632	652	28	55	0	897	226	0	0	0
bcBGMQ	1631	603	7	59	1	961	209	0	0	0
bcBGBH	1630	561	20	73	1	975	192	0	0	0
bcBHLQ	1629	615	8	89	0	917	222	0	0	0
bcAFMK	1628	623	3	62	4	936	182	0	0	0
bcBVBN	1628	679	13	76	5	855	187	0	0	0
bcBNDB	1627	563	3	100	3	958	173	0	0	0
bcABPJ	1627	599	8	110	0	910	211	0	0	0
bcBXKU	1627	795	6	89	4	733	225	0	0	0
bcBMVV	1627	588	9	120	3	907	215	0	0	0
bcAKWK	1626	687	1	72	2	864	211	0	0	0
bcARIE	1626	628	6	75	2	915	167	0	0	0
bcBCNS	1625	698	9	70	5	843	206	0	0	0
bcAGLX	1624	582	28	74	0	940	210	0	0	0
bcBAHC	1622	639	16	50	0	917	183	0	0	0
bcATXQ	1622	732	2	55	0	833	277	0	0	0
bcBQQA	1621	557	3	81	4	976	187	0	0	0
bcAKJF	1620	707	0	61	3	849	209	0	0	0
bcAGXK	1620	636	3	62	1	918	184	0	0	0
bcBTKA	1619	576	7	67	2	967	192	0	0	0
bcBCLP	1618	622	5	74	7	910	226	0	0	0
bcAIIQ	1614	631	2	84	3	894	189	0	0	0
bcBAXH	1614	660	6	88	2	858	199	0	0	0
bcAFIR	1614	565	2	67	3	977	183	0	0	0
bcARUD	1613	716	10	104	2	781	196	0	0	0
bcBQWB	1611	541	10	77	3	980	162	0	0	0
bcBJVD	1611	686	1	40	5	879	193	0	0	0
bcABGA	1610	601	5	90	1	913	239	0	0	0
bcAYOT	1610	730	2	56	1	821	193	0	0	0
bcBIWI	1609	628	3	79	0	899	218	0	0	0
bcATQL	1608	760	12	83	0	753	242	0	0	0
bcAOPB	1607	596	5	75	2	929	193	0	0	0
bcCAFN	1607	586	7	54	2	958	210	0	0	0
bcAVPG	1606	524	3	53	3	1023	193	0	0	0
bcBSDJ	1607	669	25	98	7	808	198	0	0	0
bcARSB	1606	639	5	70	1	891	204	0	0	0
bcAVXC	1606	531	7	83	3	982	191	0	0	0
bcBZCM	1603	724	14	59	3	803	201	0	0	0
bcBUOI	1602	684	14	60	1	843	226	0	0	0
bcBSBQ	1601	763	4	67	2	765	188	0	0	0
bcABFF	1600	648	9	88	5	850	219	0	0	0
bcBZCW	1600	484	1	71	1	1043	164	0	0	0
bcBLCM	1600	648	8	39	1	904	220	0	0	0
bcAXCD	1599	696	1	81	2	819	232	0	0	0
bcBPQE	1599	616	2	81	5	895	192	0	0	0
bcALWT	1599	642	4	54	3	896	240	0	0	0
bcALLS	1598	524	4	108	2	960	230	0	0	0
bcAXBY	1598	561	5	90	1	941	205	0	0	0
bcALAB	1596	571	8	40	1	976	188	0	0	0
bcBTIR	1596	657	0	53	3	883	206	0	0	0
bcACKS	1597	626	8	89	4	870	191	0	0	0
bcBNZB	1595	673	0	98	1	823	208	0	0	0
bcAOQS	1595	686	3	83	1	822	199	0	0	0
bcBAFI	1595	594	5	65	3	928	184	0	0	0
bcAJNI	1595	657	2	72	0	864	204	0	0	0
bcBKPU	1594	669	8	75	0	842	207	0	0	0
bcAYEK	1592	553	8	75	0	956	185	0	0	0
bcCCGW	1592	582	6	46	2	956	206	0	0	0
bcAONO	1592	652	7	106	6	821	173	0	0	0
bcBYWF	1591	601	4	80	3	903	177	0	0	0
bcBNLK	1590	703	18	59	0	810	234	0	0	0
bcBYLW	1589	645	2	78	2	862	213	0	0	0
bcATQB	1588	620	6	63	2	897	192	0	0	0
bcAJRN	1588	586	8	44	0	950	200	0	0	0
bcABZO	1588	716	12	40	5	815	185	0	0	0
bcADEV	1587	765	1	66	1	754	241	0	0	0
bcBCUA	1587	628	4	63	2	890	202	0	0	0
bcALND	1585	577	1	69	2	936	183	0	0	0
bcBKDY	1583	566	11	70	3	933	173	0	0	0
bcBZHX	1581	628	7	46	4	896	198	0	0	0
bcAQJN	1580	599	15	70	5	891	194	0	0	0
bcACOP	1579	627	6	80	5	861	206	0	0	0
bcAWOJ	1579	301	1	33	0	1244	66	0	0	0
bcALRS	1579	597	8	68	2	904	185	0	0	0
bcACAY	1578	617	50	73	0	838	206	0	0	0
bcBDWL	1578	580	7	53	2	936	168	0	0	0
bcBWTJ	1577	559	1	66	2	949	166	0	0	0
bcBIFP	1576	633	2	79	3	859	200	0	0	0
bcAYGM	1576	672	6	60	1	837	218	0	0	0
bcATTO	1575	579	1	81	0	914	196	0	0	0
bcABAJ	1574	686	4	67	0	817	185	0	0	0
bcBAHY	1574	617	2	65	1	889	190	0	0	0
bcAGLW	1574	558	4	75	2	935	207	0	0	0
bcAYWJ	1574	679	7	52	4	832	201	0	0	0
bcBTEN	1571	561	5	89	0	916	181	0	0	0
bcBJYF	1571	668	5	54	1	843	185	0	0	0
bcBQLY	1570	503	12	85	1	969	171	0	0	0
bcALLZ	1569	636	1	52	1	879	199	0	0	0
bcAXPM	1569	588	2	66	1	912	175	0	0	0
bcARDE	1568	700	10	55	2	801	215	0	0	0
bcBDDS	1568	541	1	81	2	943	175	0	0	0
bcAYUG	1567	603	8	62	3	891	205	0	0	0
bcBROC	1566	558	29	44	1	934	205	0	0	0
bcAISA	1563	620	6	65	1	871	200	0	0	0
bcAODT	1562	646	21	98	1	796	198	0	0	0
bcAKGL	1561	676	4	68	3	810	199	0	0	0
bcARUB	1561	600	3	77	2	879	168	0	0	0
bcARAN	1561	590	4	81	0	886	193	0	0	0
bcAJPP	1558	643	6	119	3	787	198	0	0	0
bcBNJY	1556	521	19	56	2	958	190	0	0	0
bcBSFE	1555	649	4	94	1	807	198	0	0	0
bcBPAF	1552	558	33	49	2	910	195	0	0	0
bcBSPU	1550	653	4	59	0	834	190	0	0	0
bcALYB	1550	660	16	50	1	823	222	0	0	0
bcAKLE	1548	541	2	80	0	925	186	0	0	0
bcALNW	1547	673	1	93	2	778	208	0	0	0
bcABHF	1547	483	5	35	3	1021	184	0	0	0
bcBICM	1546	556	7	58	1	924	192	0	0	0
bcBVVK	1546	710	5	67	1	763	238	0	0	0
bcAHVZ	1545	621	6	29	3	886	185	0	0	0
bcAONJ	1544	452	9	51	0	1032	174	0	0	0
bcAYGW	1544	573	3	97	27	844	172	0	0	0
bcBSHO	1543	589	8	90	4	852	181	0	0	0
bcAQGU	1542	654	6	94	1	787	176	0	0	0
bcAQJM	1543	517	16	92	2	916	174	0	0	0
bcAKCP	1541	547	5	101	2	886	193	0	0	0
bcAITP	1540	747	2	38	0	753	227	0	0	0
bcAHDJ	1540	625	6	32	1	876	220	0	0	0
bcBVJT	1539	678	1	50	2	808	203	0	0	0
bcAQFW	1538	658	23	57	1	799	197	0	0	0
bcBGKK	1537	630	4	66	3	834	194	0	0	0
bcBEWX	1537	626	3	79	5	824	170	0	0	0
bcBETN	1537	657	7	62	1	810	197	0	0	0
bcARBT	1536	605	7	53	3	868	182	0	0	0
bcBPII	1536	659	1	67	3	806	183	0	0	0
bcBKEG	1536	571	7	62	5	891	173	0	0	0
bcBVZQ	1535	700	4	52	1	778	203	0	0	0
bcBCAG	1535	678	3	62	2	790	183	0	0	0
bcBATO	1535	494	6	61	2	972	178	0	0	0
bcAYNV	1532	583	1	81	0	867	196	0	0	0
bcAHKR	1530	620	9	52	2	847	186	0	0	0
bcBSLK	1530	640	10	58	0	822	202	0	0	0
bcAWVT	1530	668	7	65	0	790	215	0	0	0
bcAKGX	1528	659	13	86	2	768	204	0	0	0
bcBVPZ	1528	599	6	31	1	891	172	0	0	0
bcBCEE	1527	532	9	80	1	905	150	0	0	0
bcADUL	1527	590	8	58	1	870	196	0	0	0
bcASWS	1527	614	10	39	2	862	197	0	0	0
bcBVYC	1525	601	15	68	0	841	236	0	0	0
bcBOSI	1524	602	5	58	1	858	200	0	0	0
bcBOWX	1523	512	7	54	1	949	207	0	0	0
bcAIUO	1522	665	4	60	2	791	209	0	0	0
bcAVIY	1519	656	3	58	3	799	183	0	0	0
bcAVCS	1518	573	6	105	1	833	195	0	0	0
bcAVAU	1515	670	9	42	3	791	233	0	0	0
bcBCZV	1515	655	7	51	0	802	176	0	0	0
bcAPBZ	1513	537	4	74	2	896	175	0	0	0
bcBETK	1512	648	8	37	2	817	197	0	0	0
bcBORC	1510	533	7	69	3	898	209	0	0	0
bcCBAD	1511	542	2	118	5	844	179	0	0	0
bcBMPS	1509	537	18	61	3	890	180	0	0	0
bcAYHM	1508	656	12	57	2	781	199	0	0	0
bcBBRE	1507	551	3	79	6	868	176	0	0	0
bcBSNB	1507	696	4	64	1	742	216	0	0	0
bcASZK	1506	708	5	41	0	752	226	0	0	0
bcBQJB	1504	623	2	59	3	817	220	0	0	0
bcBJYZ	1503	603	9	57	0	834	185	0	0	0
bcBQTY	1503	719	6	50	2	726	215	0	0	0
bcBNHC	1502	680	5	65	1	751	221	0	0	0
bcAXLQ	1502	558	13	65	1	865	180	0	0	0
bcARKZ	1501	562	2	94	8	835	172	0	0	0
bcAFGO	1501	658	4	67	0	772	180	0	0	0
bcAMIJ	1500	657	7	88	3	745	194	0	0	0
bcBKKQ	1500	732	7	56	2	703	232	0	0	0
bcBTCH	1499	571	15	110	3	800	192	0	0	0
bcBUXA	1499	626	6	52	2	813	227	0	0	0
bcBRGW	1498	621	8	81	4	784	198	0	0	0
bcACEM	1498	540	14	78	0	866	189	0	0	0
bcBJCS	1497	584	2	78	2	831	197	0	0	0
bcBGOQ	1497	616	3	70	1	807	179	0	0	0
bcAPRK	1496	566	4	47	4	875	208	0	0	0
bcBKCR	1496	648	4	59	3	782	206	0	0	0
bcAXNE	1496	723	3	91	0	679	226	0	0	0
bcAMIF	1495	635	5	60	3	792	201	0	0	0
bcAFID	1494	680	6	71	1	736	220	0	0	0
bcBUIL	1488	580	4	98	4	802	179	0	0	0
bcBGDB	1483	588	8	78	3	806	174	0	0	0
bcAHMW	1482	557	2	74	1	848	212	0	0	0
bcAPFF	1481	594	4	67	2	814	196	0	0	0
bcAZTZ	1480	551	3	115	1	810	194	0	0	0
bcBVUU	1479	547	2	39	2	889	187	0	0	0
bcBUMV	1478	609	5	48	7	809	176	0	0	0
bcADWE	1476	599	2	81	1	793	185	0	0	0
bcBVXV	1474	544	19	51	1	859	186	0	0	0
bcBPFW	1472	593	2	52	1	824	172	0	0	0
bcAHOX	1469	679	5	67	0	718	224	0	0	0
bcBYZN	1468	660	11	41	4	752	178	0	0	0
bcAVDK	1467	530	6	62	1	868	192	0	0	0
bcBFRH	1466	415	16	59	4	972	159	0	0	0
bcAESH	1464	579	5	61	12	807	190	0	0	0
bcBRFP	1464	584	5	68	0	807	190	0	0	0
bcBNJW	1463	561	10	82	3	807	190	0	0	0
bcASIV	1463	639	6	90	1	727	209	0	0	0
bcCAMP	1463	647	2	94	4	716	189	0	0	0
bcARRY	1463	563	17	70	0	813	194	0	0	0
bcBYPM	1462	615	0	106	0	741	178	0	0	0
bcBNKL	1462	582	4	56	1	819	171	0	0	0
bcBVGV	1461	644	9	79	0	729	188	0	0	0
bcBIPR	1459	582	11	67	5	794	189	0	0	0
bcASVF	1458	613	4	68	7	766	190	0	0	0
bcBAIF	1457	608	6	65	2	776	189	0	0	0
bcBRDR	1457	570	8	63	0	816	208	0	0	0
bcAORX	1457	518	5	58	0	876	185	0	0	0
bcABCE	1456	635	4	85	1	731	185	0	0	0
bcBIYB	1456	550	5	47	0	854	186	0	0	0
bcBXDO	1455	551	3	49	1	851	208	0	0	0
bcBUGQ	1454	698	1	40	5	710	205	0	0	0
bcAFIM	1454	592	5	76	0	781	185	0	0	0
bcBOMD	1453	548	3	73	3	826	176	0	0	0
bcAHEM	1452	562	16	74	1	799	204	0	0	0
bcAKEU	1452	624	9	60	4	755	203	0	0	0
bcCAZQ	1450	642	20	57	1	730	204	0	0	0
bcBCQO	1450	599	3	87	2	759	201	0	0	0
bcBRIR	1448	572	6	59	1	810	171	0	0	0
bcBCEU	1447	639	6	71	3	728	187	0	0	0
bcAFHQ	1446	583	3	52	3	805	180	0	0	0
bcARLN	1442	465	14	99	4	860	151	0	0	0
bcBHOV	1441	541	3	86	5	806	164	0	0	0
bcBVLQ	1441	509	12	58	1	861	156	0	0	0
bcAFIC	1440	644	23	79	1	693	191	0	0	0
bcBWTF	1440	549	1	86	0	804	145	0	0	0
bcBYAO	1439	568	8	55	2	806	169	0	0	0
bcARRS	1439	624	7	75	2	731	187	0	0	0
bcANYS	1439	590	6	47	1	795	196	0	0	0
bcBJYO	1438	543	10	43	3	839	186	0	0	0
bcAXJJ	1437	563	4	72	3	795	164	0	0	0
bcBZSP	1434	606	2	66	1	759	192	0	0	0
bcBMGE	1434	611	2	59	2	760	207	0	0	0
bcBALT	1433	606	2	57	0	768	209	0	0	0
bcAKGU	1432	545	8	131	3	745	188	0	0	0
bcBCVC	1431	533	7	60	3	828	155	0	0	0
bcBBOW	1432	555	7	71	2	797	200	0	0	0
bcAHPS	1430	621	2	63	0	744	202	0	0	0
bcBIEV	1430	589	10	54	0	777	182	0	0	0
bcBOXO	1429	668	2	60	3	696	214	0	0	0
bcALHF	1428	574	5	68	2	779	184	0	0	0
bcAABM	1428	504	4	46	0	874	153	0	0	0
bcAXMV	1425	621	7	84	0	713	207	0	0	0
bcBWCP	1425	596	12	100	0	717	210	0	0	0
bcAWVL	1424	604	2	59	1	758	169	0	0	0
bcADRR	1424	508	4	56	1	855	187	0	0	0
bcBVXU	1424	485	20	84	1	834	170	0	0	0
bcARSV	1422	564	9	103	3	743	157	0	0	0
bcALBR	1421	662	9	61	1	688	199	0	0	0
bcAMQE	1421	539	4	52	0	826	181	0	0	0
bcBEFX	1419	401	4	50	2	962	176	0	0	0
bcAZKK	1418	524	3	62	6	823	167	0	0	0
bcAOQE	1418	533	6	76	1	802	187	0	0	0
bcAORU	1416	599	2	61	0	754	197	0	0	0
bcAFRW	1415	637	9	84	3	682	192	0	0	0
bcBVRV	1415	537	15	96	0	767	180	0	0	0
bcAXYI	1414	605	2	70	2	735	199	0	0	0
bcBWWY	1414	508	5	32	2	867	180	0	0	0
bcAILQ	1413	546	3	76	4	784	201	0	0	0
bcBMVH	1412	293	3	73	0	1043	107	0	0	0
bcBOYE	1411	559	4	57	1	790	179	0	0	0
bcBRMO	1409	582	1	40	0	786	184	0	0	0
bcAJBJ	1409	533	4	58	0	814	194	0	0	0
bcBTLC	1409	464	12	61	3	869	153	0	0	0
bcBRHY	1408	499	18	104	2	785	158	0	0	0
bcBLYE	1406	507	2	48	1	848	208	0	0	0
bcAQIW	1406	542	12	41	2	809	156	0	0	0
bcARZG	1405	530	12	91	0	772	179	0	0	0
bcBIJN	1405	525	14	105	0	761	177	0	0	0
bcCCMC	1404	504	2	73	2	823	174	0	0	0
bcBIID	1404	605	1	92	4	702	203	0	0	0
bcBNOZ	1404	527	3	62	6	806	167	0	0	0
bcADFF	1404	543	2	58	0	801	207	0	0	0
bcBGXD	1402	538	6	92	0	766	187	0	0	0
bcAHHU	1401	574	18	60	0	749	190	0	0	0
bcBSCE	1400	629	9	83	0	679	172	0	0	0
bcAGHA	1400	479	4	53	5	859	184	0	0	0
bcAWCN	1399	577	7	77	2	736	195	0	0	0
bcARTZ	1399	482	17	45	2	853	176	0	0	0
bcBFXJ	1398	568	24	55	0	751	158	0	0	0
bcBUNQ	1398	578	0	44	0	776	180	0	0	0
bcBPQP	1397	592	3	54	1	747	165	0	0	0
bcALUW	1397	518	1	80	1	797	168	0	0	0
bcBQFL	1397	592	5	29	4	767	195	0	0	0
bcAKJP	1396	513	10	59	2	812	145	0	0	0
bcBGLC	1395	577	5	52	4	757	170	0	0	0
bcAMKF	1395	547	10	56	6	776	181	0	0	0
bcBQJS	1394	500	5	58	2	829	179	0	0	0
bcBQTG	1392	531	5	56	7	793	174	0	0	0
bcALGV	1391	551	4	68	2	766	182	0	0	0
bcBZJR	1390	558	3	56	0	773	187	0	0	0
bcAQST	1387	515	4	54	1	813	181	0	0	0
bcAQUC	1383	536	2	82	1	762	184	0	0	0
bcAORH	1383	528	2	79	1	773	169	0	0	0
bcABGK	1381	550	5	80	3	743	199	0	0	0
bcAEOE	1382	555	1	81	2	743	184	0	0	0
bcADLQ	1380	539	20	48	1	772	181	0	0	0
bcBJSS	1380	505	3	78	1	793	188	0	0	0
bcACEJ	1380	543	4	103	4	726	174	0	0	0
bcAXGN	1380	502	6	50	0	822	178	0	0	0
bcAPSF	1379	574	21	63	1	720	194	0	0	0
bcAVZK	1378	482	2	85	1	808	173	0	0	0
bcBLBA	1378	504	12	53	0	809	165	0	0	0
bcBPPP	1377	509	9	52	0	807	154	0	0	0
bcBKJW	1377	546	5	59	2	765	232	0	0	0
bcANJV	1376	582	4	45	0	745	178	0	0	0
bcAOPI	1376	550	5	59	1	761	182	0	0	0
bcBCLA	1374	535	7	72	1	759	172	0	0	0
bcAACM	1373	563	4	36	0	770	150	0	0	0
bcAXJW	1372	513	6	88	1	764	197	0	0	0
bcBZDG	1371	505	6	88	0	772	163	0	0	0
bcAVLY	1371	601	4	40	0	726	184	0	0	0
bcBMIN	1370	576	4	77	1	712	175	0	0	0
bcAXIG	1369	557	20	70	0	722	200	0	0	0
bcBHUJ	1368	576	5	37	0	750	178	0	0	0
bcBFMU	1367	467	10	55	1	834	155	0	0	0
bcASVX	1367	577	4	31	1	754	196	0	0	0
bcAXHU	1366	529	7	55	1	774	154	0	0	0
bcBITW	1366	593	4	53	0	716	192	0	0	0
bcCAQS	1365	574	3	72	2	714	140	0	0	0
bcALRM	1365	548	5	87	1	724	188	0	0	0
bcBNHX	1364	630	2	57	0	675	207	0	0	0
bcALKE	1362	529	3	47	2	781	184	0	0	0
bcBSNG	1362	622	3	82	2	653	199	0	0	0
bcBVEU	1360	459	15	34	3	849	182	0	0	0
bcBPGK	1360	611	7	65	4	673	189	0	0	0
bcAOSS	1360	460	9	46	1	844	174	0	0	0
bcBQMD	1360	558	1	43	1	757	194	0	0	0
bcAFJH	1358	535	3	44	1	775	172	0	0	0
bcBAJX	1357	531	2	120	0	704	159	0	0	0
bcAOSN	1357	507	4	85	2	759	162	0	0	0
bcBGMI	1357	520	2	73	0	762	143	0	0	0
bcAMBN	1357	51	0	6	0	1300	22	0	0	0
bcBAYE	1357	606	3	68	2	678	189	0	0	0
bcAWYO	1356	590	4	41	1	720	184	0	0	0
bcAAMC	1354	583	5	59	2	705	158	0	0	0
bcAGFU	1353	494	6	28	1	824	189	0	0	0
bcANUQ	1353	623	0	54	1	675	196	0	0	0
bcAAMG	1352	576	5	54	2	715	177	0	0	0
bcCBAM	1352	604	4	55	1	688	196	0	0	0
bcAEQK	1351	508	2	79	0	762	171	0	0	0
bcAXHY	1349	609	8	37	1	694	177	0	0	0
bcAFEJ	1349	546	5	65	1	732	183	0	0	0
bcAUBZ	1348	558	3	47	1	739	189	0	0	0
bcACQY	1348	525	18	52	0	753	196	0	0	0
bcBLSR	1347	575	2	42	0	728	200	0	0	0
bcBJPU	1346	504	0	89	1	752	176	0	0	0
bcAVUQ	1345	538	3	71	3	730	178	0	0	0
bcAQZU	1345	605	5	43	0	692	205	0	0	0
bcBRMA	1344	588	2	78	2	674	199	0	0	0
bcBGOP	1344	556	0	37	3	748	171	0	0	0
bcBFKN	1343	450	6	75	3	809	174	0	0	0
bcBQVP	1341	457	5	99	0	780	153	0	0	0
bcAKLO	1341	565	2	57	0	717	170	0	0	0
bcAALN	1336	525	5	20	2	784	177	0	0	0
bcBGDA	1332	485	9	56	3	779	177	0	0	0
bcBKKO	1331	609	4	75	0	643	193	0	0	0
bcBNGM	1330	430	4	48	2	846	174	0	0	0
bcALPI	1330	550	7	55	1	717	201	0	0	0
bcAIXB	1329	557	18	69	0	685	180	0	0	0
bcBCTE	1329	499	2	52	1	775	152	0	0	0
bcACEY	1328	479	5	40	2	802	178	0	0	0
bcAUYU	1328	511	0	46	2	769	172	0	0	0
bcABPB	1326	607	1	49	2	667	180	0	0	0
bcACOB	1325	496	2	50	0	777	160	0	0	0
bcATZC	1323	504	20	65	1	733	193	0	0	0
bcCAZG	1321	485	1	44	2	789	175	0	0	0
bcABAS	1321	443	4	70	2	802	160	0	0	0
bcBGSC	1317	491	2	62	1	761	156	0	0	0
bcAOZB	1318	517	7	50	3	741	183	0	0	0
bcAMJY	1317	584	19	59	1	654	198	0	0	0
bcAIXM	1315	560	6	93	1	655	178	0	0	0
bcAJLQ	1313	531	2	73	1	706	181	0	0	0
bcBHSP	1313	536	4	76	0	697	167	0	0	0
bcAIOI	1311	554	1	76	1	679	172	0	0	0
bcASDI	1308	603	12	57	1	635	225	0	0	0
bcBJGO	1307	480	4	54	0	769	146	0	0	0
bcAQRM	1306	563	6	68	3	666	185	0	0	0
bcBCSF	1305	577	4	41	1	682	184	0	0	0
bcBTLB	1304	522	11	41	2	728	169	0	0	0
bcBRXL	1304	598	5	56	0	645	197	0	0	0
bcAXLE	1303	499	18	64	3	719	191	0	0	0
bcAEPT	1303	481	9	73	3	737	154	0	0	0
bcBYDQ	1300	513	3	56	3	725	140	0	0	0
bcAVIC	1299	524	36	57	3	679	178	0	0	0
bcBYQU	1297	497	6	56	0	738	164	0	0	0
bcAOTK	1296	521	5	85	3	682	162	0	0	0
bcBWAJ	1296	522	6	41	2	725	172	0	0	0
bcBLWW	1294	480	3	12	2	797	177	0	0	0
bcAJHA	1293	541	19	81	2	650	160	0	0	0
bcBGLI	1293	573	8	45	2	665	176	0	0	0
bcAFYA	1292	500	11	89	1	691	194	0	0	0
bcBXSW	1291	500	19	54	1	717	178	0	0	0
bcAMRJ	1291	515	6	50	5	715	152	0	0	0
bcAZTE	1290	560	13	88	2	627	202	0	0	0
bcAYME	1289	485	13	51	0	740	145	0	0	0
bcBECX	1288	518	13	56	0	701	172	0	0	0
bcBLNG	1286	495	2	28	5	756	166	0	0	0
bcBIGC	1284	558	8	42	1	675	167	0	0	0
bcBTNJ	1283	498	8	79	0	698	174	0	0	0
bcADWS	1282	535	3	31	1	712	163	0	0	0
bcBRUH	1282	536	0	70	0	676	209	0	0	0
bcBDCZ	1280	436	5	73	2	764	144	0	0	0
bcBDWF	1280	415	13	69	6	777	143	0	0	0
bcBYGY	1279	444	1	79	4	751	131	0	0	0
bcANEC	1278	518	16	42	2	700	177	0	0	0
bcBILA	1278	507	5	66	2	698	173	0	0	0
bcBETP	1277	484	8	78	2	705	168	0	0	0
bcASDX	1275	518	17	46	3	691	186	0	0	0
bcBABJ	1274	529	2	68	3	672	171	0	0	0
bcAQUZ	1273	416	7	39	1	810	169	0	0	0
bcAKVM	1272	538	3	50	1	680	141	0	0	0
bcBYJX	1270	474	16	93	1	686	157	0	0	0
bcBGYP	1270	451	2	57	0	760	151	0	0	0
bcBLAL	1268	480	9	78	2	699	175	0	0	0
bcAJUF	1267	527	1	63	0	676	172	0	0	0
bcAPIO	1266	446	4	62	7	747	137	0	0	0
bcBXWT	1265	453	14	89	1	708	176	0	0	0
bcBUWZ	1265	479	4	48	4	730	148	0	0	0
bcACCE	1265	455	1	46	1	762	146	0	0	0
bcAJVT	1264	544	0	87	4	629	190	0	0	0
bcAHWL	1264	540	1	51	1	671	165	0	0	0
bcBCDU	1264	518	0	71	2	673	159	0	0	0
bcCBEK	1264	506	6	59	2	691	155	0	0	0
bcAGES	1263	502	9	71	3	678	190	0	0	0
bcAFGS	1261	490	18	74	2	677	188	0	0	0
bcBDHD	1261	505	1	71	2	682	154	0	0	0
bcARRX	1260	576	1	63	2	618	170	0	0	0
bcBQGT	1260	464	4	48	1	743	168	0	0	0
bcBOMI	1259	462	2	85	3	707	167	0	0	0
bcBMKJ	1257	498	4	56	2	697	182	0	0	0
bcADWW	1257	459	3	65	1	729	156	0	0	0
bcAHAP	1257	510	4	50	1	692	148	0	0	0
bcAJBR	1256	496	1	35	1	723	161	0	0	0
bcBARC	1255	515	2	48	0	690	162	0	0	0
bcBOJS	1254	560	2	44	0	648	146	0	0	0
bcAMIO	1254	481	20	86	1	666	161	0	0	0
bcBMLO	1254	528	4	64	2	656	163	0	0	0
bcBQET	1252	524	14	78	1	635	167	0	0	0
bcBDIS	1251	475	2	32	0	742	167	0	0	0
bcBIDZ	1250	470	6	57	2	715	155	0	0	0
bcALVO	1249	483	6	65	2	693	178	0	0	0
bcASKR	1249	518	4	85	0	642	149	0	0	0
bcBQNT	1248	450	9	45	1	743	170	0	0	0
bcBRWG	1245	510	0	73	2	660	175	0	0	0
bcBBWA	1245	542	2	31	2	668	132	0	0	0
bcACGI	1243	520	0	60	4	659	150	0	0	0
bcBZLM	1241	480	2	73	3	683	134	0	0	0
bcBWZH	1241	441	4	43	1	752	158	0	0	0
bcABXV	1240	521	4	59	0	656	143	0	0	0
bcBNKF	1239	517	5	78	2	637	201	0	0	0
bcBFGY	1238	497	0	41	4	696	172	0	0	0
bcBVWH	1237	558	5	62	0	612	183	0	0	0
bcABCM	1237	531	5	88	1	612	164	0	0	0
bcCBPR	1236	538	10	50	1	637	146	0	0	0
bcAIXP	1233	438	0	53	1	741	144	0	0	0
bcBPWJ	1233	447	3	40	0	743	152	0	0	0
bcAGCQ	1233	509	0	46	1	677	180	0	0	0
bcAHFY	1233	522	3	75	0	633	159	0	0	0
bcARAX	1231	488	24	54	3	662	187	0	0	0
bcBGRM	1231	543	9	82	2	595	172	0	0	0
bcBFUE	1230	532	2	61	0	635	165	0	0	0
bcAGJM	1230	515	3	42	1	669	216	0	0	0
bcCCKH	1230	497	4	71	0	658	169	0	0	0
bcBYAF	1229	530	6	59	1	633	167	0	0	0
bcAJGB	1229	526	3	52	0	648	156	0	0	0
bcABAT	1227	573	4	44	0	606	170	0	0	0
bcBSXI	1224	466	3	67	1	687	161	0	0	0
bcBQIF	1222	497	8	46	3	668	176	0	0	0
bcAXBZ	1221	427	2	77	0	715	156	0	0	0
bcBJWD	1221	501	5	45	1	669	162	0	0	0
bcALMI	1220	490	2	44	1	683	146	0	0	0
bcAKNI	1216	382	1	52	3	778	138	0	0	0
bcAKDL	1216	514	28	37	2	635	156	0	0	0
bcALJD	1216	481	3	74	1	657	149	0	0	0
bcALUS	1215	459	2	54	1	699	139	0	0	0
bcAEDG	1214	431	0	49	1	733	114	0	0	0
bcALFV	1213	508	1	49	1	654	158	0	0	0
bcBHAY	1213	517	5	68	4	619	210	0	0	0
bcBRMS	1211	468	4	57	0	682	158	0	0	0
bcBQFE	1210	442	2	53	1	712	145	0	0	0
bcAJFN	1210	493	11	39	1	666	185	0	0	0
bcAUQB	1209	462	1	48	0	698	131	0	0	0
bcBLHM	1209	458	2	87	0	662	148	0	0	0
bcALPU	1208	449	2	69	7	681	174	0	0	0
bcARVU	1208	483	1	48	2	674	143	0	0	0
bcBNLP	1208	457	17	23	1	710	161	0	0	0
bcADFO	1206	468	16	50	0	672	176	0	0	0
bcATXU	1205	380	2	33	0	790	149	0	0	0
bcAUBH	1205	409	2	68	2	724	151	0	0	0
bcAOOG	1203	472	5	59	5	662	155	0	0	0
bcAXPT	1203	448	4	47	1	703	133	0	0	0
bcBGQY	1203	545	2	58	1	597	153	0	0	0
bcAHNA	1202	515	4	88	1	594	182	0	0	0
bcBVDB	1202	523	5	56	0	618	168	0	0	0
bcBFHN	1202	481	0	59	3	659	165	0	0	0
bcBKBP	1200	481	4	63	0	652	158	0	0	0
bcAGEC	1200	483	4	70	0	643	177	0	0	0
bcBIMX	1200	464	5	57	24	650	159	0	0	0
bcADFA	1197	517	9	44	3	624	182	0	0	0
bcAONW	1197	524	5	39	0	629	170	0	0	0
bcBNIN	1197	478	5	28	0	686	167	0	0	0
bcBUQA	1195	616	4	45	1	529	164	0	0	0
bcBFVS	1195	519	2	55	5	614	158	0	0	0
bcAISH	1193	554	5	36	0	598	181	0	0	0
bcAZNL	1191	451	3	35	0	702	148	0	0	0
bcAXMU	1191	488	2	24	1	676	161	0	0	0
bcBDVU	1191	446	2	77	1	665	150	0	0	0
bcBSOU	1190	518	4	77	2	589	156	0	0	0
bcAWZW	1189	466	19	72	1	631	149	0	0	0
bcABXT	1189	25	0	7	0	1157	17	0	0	0
bcBLLK	1188	354	5	53	1	775	144	0	0	0
bcBALI	1188	322	1	67	4	794	124	0	0	0
bcAMLE	1188	463	5	72	1	647	151	0	0	0
bcBAQR	1187	457	1	71	2	656	168	0	0	0
bcAKVD	1186	439	4	30	4	709	127	0	0	0
bcAVIJ	1183	509	1	28	0	645	136	0	0	0
bcBLVJ	1183	455	22	25	1	680	176	0	0	0
bcAKRL	1183	473	6	76	2	626	145	0	0	0
bcASCP	1182	408	0	52	1	721	158	0	0	0
bcAUCY	1180	503	4	56	2	615	195	0	0	0
bcBMCI	1179	463	0	40	3	673	146	0	0	0
bcAVGJ	1179	526	2	40	0	611	169	0	0	0
bcAJSZ	1178	510	5	65	0	598	164	0	0	0
bcBING	1179	398	4	58	3	716	127	0	0	0
bcANVA	1177	546	2	41	0	588	169	0	0	0
bcBPIL	1177	522	13	50	0	592	174	0	0	0
bcARXU	1176	443	2	45	0	686	153	0	0	0
bcAUBA	1176	460	3	35	1	677	168	0	0	0
bcBVSS	1175	170	17	46	0	942	75	0	0	0
bcBNKU	1175	647	0	29	2	497	171	0	0	0
bcBTPD	1174	473	4	83	0	614	182	0	0	0
bcBCEL	1173	497	1	36	1	638	139	0	0	0
bcBFYF	1170	469	8	38	2	653	143	0	0	0
bcBLWJ	1169	387	3	70	0	709	164	0	0	0
bcBLYH	1169	430	2	63	0	674	149	0	0	0
bcAVZV	1168	472	5	73	1	617	183	0	0	0
bcAJII	1168	386	5	99	1	677	150	0	0	0
bcAXWK	1168	479	13	62	0	614	156	0	0	0
bcAJKT	1165	467	4	75	7	612	130	0	0	0
bcCCJQ	1165	409	4	56	4	692	164	0	0	0
bcBSLL	1164	493	3	38	1	629	170	0	0	0
bcABNU	1163	490	13	65	0	595	165	0	0	0
bcAQKH	1163	385	0	33	2	743	117	0	0	0
bcBMDC	1160	535	3	33	0	589	165	0	0	0
bcBVUR	1160	496	14	35	0	615	144	0	0	0
bcAIPS	1160	436	5	50	2	667	166	0	0	0
bcBWLY	1159	457	6	47	0	649	172	0	0	0
bcAWRL	1157	391	1	56	1	708	112	0	0	0
bcBNJA	1156	425	1	40	1	689	161	0	0	0
bcBUIP	1155	441	25	44	0	645	136	0	0	0
bcAURI	1154	325	1	53	1	774	111	0	0	0
bcAGKO	1154	478	3	72	1	600	158	0	0	0
bcAEWT	1152	454	1	55	0	642	144	0	0	0
bcASJZ	1151	551	2	54	2	542	166	0	0	0
bcASUD	1146	522	2	31	0	591	161	0	0	0
bcAGIA	1146	469	3	36	3	635	152	0	0	0
bcAVPE	1145	533	3	44	1	564	188	0	0	0
bcBIRV	1143	489	4	37	1	612	170	0	0	0
bcBBLH	1142	502	1	36	1	602	152	0	0	0
bcAJTT	1140	447	2	44	1	646	168	0	0	0
bcAHGH	1139	484	7	71	7	570	150	0	0	0
bcAAMV	1138	449	4	35	3	647	154	0	0	0
bcBQBQ	1137	427	26	43	0	641	154	0	0	0
bcANMN	1136	486	5	22	0	623	130	0	0	0
bcALEX	1135	454	11	58	0	612	160	0	0	0
bcAPGT	1135	462	6	43	1	623	151	0	0	0
bcBBYG	1135	469	1	62	1	602	152	0	0	0
bcAHYD	1135	416	2	52	1	664	132	0	0	0
bcANFJ	1133	499	1	35	2	596	130	0	0	0
bcBQBP	1132	510	6	45	4	567	169	0	0	0
bcANQQ	1131	459	1	63	1	607	153	0	0	0
bcALCU	1128	430	5	67	6	620	168	0	0	0
bcBIEU	1128	461	11	53	5	598	165	0	0	0
bcAGLV	1127	484	9	35	2	597	150	0	0	0
bcBGDZ	1126	446	6	61	0	613	142	0	0	0
bcBMQP	1125	322	2	70	2	729	126	0	0	0
bcAGDL	1125	406	18	70	1	630	165	0	0	0
bcBXRB	1124	456	3	55	4	606	164	0	0	0
bcAIHZ	1123	477	2	46	1	597	143	0	0	0
bcBXVM	1122	534	2	64	4	518	170	0	0	0
bcBGHH	1122	401	6	26	4	685	127	0	0	0
bcALUP	1119	456	8	59	3	593	177	0	0	0
bcBMFZ	1118	427	7	42	1	641	177	0	0	0
bcBRUQ	1118	434	2	70	3	609	148	0	0	0
bcATXT	1117	376	5	47	0	689	134	0	0	0
bcAIGY	1116	540	3	17	0	556	172	0	0	0
bcANVQ	1116	468	4	55	3	586	145	0	0	0
bcBPAW	1115	454	0	72	1	588	139	0	0	0
bcBVZK	1113	499	4	38	0	572	163	0	0	0
bcBGUX	1110	402	6	48	1	653	133	0	0	0
bcASZX	1109	382	2	67	1	657	150	0	0	0
bcAIKK	1106	469	4	22	0	611	157	0	0	0
bcAXMF	1105	479	4	46	2	574	157	0	0	0
bcAIJQ	1104	425	1	27	1	650	140	0	0	0
bcAKZZ	1101	515	3	56	2	525	147	0	0	0
bcBJAH	1100	412	8	43	4	633	133	0	0	0
bcAROH	1099	487	16	63	0	533	132	0	0	0
bcBGNQ	1099	453	0	80	1	565	141	0	0	0
bcAVNX	1095	456	4	82	2	551	151	0	0	0
bcAXHO	1093	409	9	58	0	617	164	0	0	0
bcAIJS	1093	435	3	43	0	612	146	0	0	0
bcAHOZ	1092	464	1	65	5	557	156	0	0	0
bcAFVD	1089	499	6	43	2	539	169	0	0	0
bcBXLY	1089	461	3	56	1	568	157	0	0	0
bcATYE	1086	440	5	60	0	581	168	0	0	0
bcAUVT	1085	453	5	45	0	582	136	0	0	0
bcAZOP	1083	482	3	38	0	560	171	0	0	0
bcBRUE	1080	383	2	69	2	624	140	0	0	0
bcBWXM	1080	502	1	52	0	525	168	0	0	0
bcAHMG	1071	475	3	41	2	550	156	0	0	0
bcAFUW	1070	404	4	67	1	594	144	0	0	0
bcBWRI	1069	360	1	62	0	646	121	0	0	0
bcACDY	1065	473	8	34	0	550	147	0	0	0
bcBLEE	1061	371	7	87	6	590	129	0	0	0
bcBTMC	1061	403	1	47	0	610	130	0	0	0
bcBUIU	1058	459	2	38	6	553	111	0	0	0
bcAZRA	1058	319	7	61	0	671	111	0	0	0
bcAGCN	1059	378	11	75	2	593	150	0	0	0
bcAONM	1056	404	1	38	0	613	124	0	0	0
bcASAX	1056	416	5	75	0	560	150	0	0	0
bcASOR	1055	357	3	31	0	664	94	0	0	0
bcACEF	1055	493	0	60	0	502	131	0	0	0
bcBZXU	1052	15	1	2	1	1033	9	0	0	0
bcADLS	1051	410	3	43	2	593	118	0	0	0
bcBCPU	1051	439	3	18	0	591	140	0	0	0
bcAHRL	1049	393	1	41	1	613	127	0	0	0
bcBBKX	1049	326	2	8	0	713	109	0	0	0
bcASFT	1044	487	3	38	3	513	159	0	0	0
bcBLUX	1043	419	2	42	0	580	153	0	0	0
bcAPQM	1038	301	16	13	1	707	87	0	0	0
bcAWMG	1035	368	8	70	0	589	121	0	0	0
bcAVNF	1035	446	4	39	0	546	146	0	0	0
bcBQNS	1034	367	5	68	2	592	146	0	0	0
bcAQXZ	1031	455	2	66	0	508	159	0	0	0
bcARDJ	1029	325	11	59	1	633	111	0	0	0
bcBZXL	1028	420	2	38	17	551	142	0	0	0
bcBISA	1021	430	10	64	4	513	138	0	0	0
bcCASA	1020	471	1	48	1	499	134	0	0	0
bcATND	1020	407	3	73	0	537	127	0	0	0
bcBPIF	1020	345	3	25	0	647	130	0	0	0
bcBRFG	1019	403	7	34	1	574	119	0	0	0
bcABGE	1019	442	3	34	1	539	148	0	0	0
bcAGCR	1019	406	1	49	1	562	141	0	0	0
bcAPAO	1017	425	8	20	0	564	146	0	0	0
bcABRC	1014	388	2	58	0	566	109	0	0	0
bcADNG	1013	420	4	42	5	542	136	0	0	0
bcARJC	1012	415	0	27	3	567	109	0	0	0
bcAYXA	1011	379	3	63	3	563	136	0	0	0
bcAPFI	1010	423	8	35	2	542	131	0	0	0
bcAIXO	1010	395	1	49	1	564	139	0	0	0
bcAQZM	1010	402	15	45	2	546	161	0	0	0
bcANKJ	1009	322	1	27	3	656	136	0	0	0
bcBQBS	1008	383	2	69	1	553	120	0	0	0
bcBXUZ	1007	417	3	47	2	538	149	0	0	0
bcAPBI	1005	409	0	36	1	559	142	0	0	0
bcASVI	1003	326	5	41	0	631	136	0	0	0
bcAFUJ	1003	366	2	48	2	585	123	0	0	0
bcAKQD	1003	371	2	32	2	596	152	0	0	0
bcAQZT	1003	358	1	34	1	609	131	0	0	0
bcCCAI	1002	395	3	72	1	531	159	0	0	0
bcBFQW	1000	405	1	43	0	551	154	0	0	0
bcAUNT	999	363	7	51	0	578	125	0	0	0
bcAWYQ	991	398	1	45	1	546	134	0	0	0
bcBBKS	990	379	3	41	5	562	112	0	0	0
bcBFNL	987	448	5	57	1	476	149	0	0	0
bcAXNT	984	425	17	24	1	517	131	0	0	0
bcAKES	984	421	3	56	1	503	129	0	0	0
bcAIKO	983	345	2	25	0	611	138	0	0	0
bcBWVQ	981	330	2	29	2	618	89	0	0	0
bcAZVO	979	424	1	33	0	521	133	0	0	0
bcAQVN	978	407	5	56	1	509	133	0	0	0
bcARZI	973	447	4	38	1	483	169	0	0	0
bcAVDN	966	308	3	34	0	621	112	0	0	0
bcATVZ	965	346	1	48	2	568	115	0	0	0
bcBJKG	964	384	3	41	2	534	120	0	0	0
bcBFIX	964	390	1	47	1	525	125	0	0	0
bcANJW	961	352	4	41	3	561	135	0	0	0
bcBJNR	959	312	2	41	0	604	118	0	0	0
bcBWTC	958	287	1	31	2	637	74	0	0	0
bcBSLV	957	413	5	36	1	502	123	0	0	0
bcBWXF	953	421	8	28	0	496	129	0	0	0
bcBNHD	952	315	2	20	0	615	108	0	0	0
bcBRVH	952	432	2	44	0	474	137	0	0	0
bcBHCS	951	384	4	23	0	540	155	0	0	0
bcAXPS	951	350	5	28	0	568	126	0	0	0
bcAVCJ	951	164	3	22	1	761	63	0	0	0
bcBDIU	949	355	7	39	3	545	151	0	0	0
bcAPQU	949	450	0	37	5	457	112	0	0	0
bcANWP	944	357	4	25	0	558	140	0	0	0
bcAVCN	942	456	1	23	0	462	150	0	0	0
bcAXEC	941	412	3	35	0	491	122	0	0	0
bcAUDQ	932	189	4	12	0	727	64	0	0	0
bcBECV	927	377	3	51	0	496	129	0	0	0
bcAHNG	925	239	4	73	4	605	110	0	0	0
bcAFAI	924	277	2	61	1	583	104	0	0	0
bcAHKW	925	356	4	30	1	534	117	0	0	0
bcAUFR	921	375	1	47	2	496	119	0	0	0
bcBGGD	921	352	12	65	0	492	128	0	0	0
bcASHE	920	368	2	52	1	497	113	0	0	0
bcADJG	920	364	3	46	0	507	130	0	0	0
bcBAFM	919	303	1	74	1	540	110	0	0	0
bcBXDJ	918	349	0	48	1	520	123	0	0	0
bcADIS	912	402	10	18	0	482	167	0	0	0
bcAKTU	912	261	1	34	1	615	89	0	0	0
bcANKF	905	170	9	17	0	709	63	0	0	0
bcACFB	905	421	7	25	5	447	131	0	0	0
bcAVVQ	904	389	1	37	0	477	127	0	0	0
bcAJVN	901	240	2	38	1	620	100	0	0	0
bcBVWM	900	450	0	17	1	432	106	0	0	0
bcAXUH	900	361	4	23	4	508	117	0	0	0
bcAOYG	896	373	6	27	7	483	134	0	0	0
bcBXNS	896	431	5	27	2	431	146	0	0	0
bcBJCD	895	391	4	49	1	450	119	0	0	0
bcARLK	895	230	1	41	0	623	66	0	0	0
bcANMU	888	310	1	29	2	546	119	0	0	0
bcARBS	885	391	1	50	3	440	105	0	0	0
bcBWFM	884	285	2	45	1	551	124	0	0	0
bcBMLM	882	315	3	70	1	493	106	0	0	0
bcBHFS	880	335	2	24	1	518	127	0	0	0
bcBBMG	878	378	0	15	0	485	111	0	0	0
bcBPVP	877	351	17	42	0	467	123	0	0	0
bcCAAC	874	396	3	69	3	403	129	0	0	0
bcACHN	871	170	0	22	2	677	46	0	0	0
bcBFRY	867	363	3	39	0	462	123	0	0	0
bcCAIF	865	445	1	38	0	381	106	0	0	0
bcAFLJ	859	287	0	22	4	546	99	0	0	0
bcBIOQ	858	342	25	34	1	456	108	0	0	0
bcAQMY	855	351	1	38	0	465	110	0	0	0
bcBWLI	855	289	12	44	0	510	117	0	0	0
bcAJJX	854	243	0	40	3	568	81	0	0	0
bcAEQS	854	435	5	38	2	374	134	0	0	0
bcAZAM	853	303	0	22	1	527	110	0	0	0
bcBHHB	852	307	2	29	0	514	112	0	0	0
bcAUKM	850	323	0	44	0	483	108	0	0	0
bcASSD	849	394	1	33	2	419	106	0	0	0
bcANPX	848	301	1	31	2	513	134	0	0	0
bcAPSL	846	378	10	34	2	422	119	0	0	0
bcAXQZ	845	334	1	23	1	486	105	0	0	0
bcAKNM	843	335	1	53	0	454	124	0	0	0
bcAFBU	842	302	6	25	1	508	109	0	0	0
bcBBJL	841	381	1	23	1	435	101	0	0	0
bcACRF	839	366	6	13	0	454	110	0	0	0
bcARKT	839	323	1	35	3	477	99	0	0	0
bcASSB	836	301	0	43	0	492	76	0	0	0
bcBXWM	834	307	15	45	0	467	121	0	0	0
bcBFRO	827	357	0	28	0	442	123	0	0	0
bcBHCW	826	275	1	35	2	513	115	0	0	0
bcBWNU	825	374	3	28	0	420	126	0	0	0
bcBVAR	824	410	6	6	0	402	92	0	0	0
bcBHBD	822	343	3	34	1	441	138	0	0	0
bcBODV	821	352	19	25	0	425	83	0	0	0
bcAZZM	821	326	10	15	0	470	101	0	0	0
bcBEAJ	817	359	4	41	2	411	110	0	0	0
bcASBQ	817	314	2	56	6	439	123	0	0	0
bcBAIN	815	305	8	31	0	471	102	0	0	0
bcBQGI	814	324	0	15	1	474	109	0	0	0
bcCALV	814	347	0	35	1	431	94	0	0	0
bcCCBJ	813	324	4	31	0	454	120	0	0	0
bcAOVF	806	358	2	41	1	404	123	0	0	0
bcBMBG	804	21	0	1	0	782	12	0	0	0
bcAHMX	796	239	1	13	1	542	79	0	0	0
bcBQJY	796	275	4	30	2	485	99	0	0	0
bcAMDX	792	372	1	10	1	408	96	0	0	0
bcBTEX	788	252	2	37	3	494	107	0	0	0
bcBTCY	781	295	1	51	0	434	89	0	0	0
bcAFRY	781	333	4	15	3	426	109	0	0	0
bcAKNK	775	348	2	59	0	366	104	0	0	0
bcAVZR	774	351	0	27	1	395	116	0	0	0
bcATOC	772	242	2	49	0	479	70	0	0	0
bcBXAF	769	317	2	37	2	411	126	0	0	0
bcAQTN	766	242	1	59	2	462	95	0	0	0
bcAFAB	763	296	2	37	2	426	101	0	0	0
bcBSZI	761	271	5	40	1	444	83	0	0	0
bcBSSR	756	290	4	22	1	439	76	0	0	0
bcBWWP	752	2	0	3	0	747	2	0	0	0
